alpha_2,name,region,sub_region
AF,Afghanistan,Asia,Southern Asia
AX,Åland Islands,Europe,Northern Europe
AL,Albania,Europe,Southern Europe
DZ,Algeria,Africa,Northern Africa
AS,American Samoa,Oceania,Polynesia
AD,Andorra,Europe,Southern Europe
AO,Angola,Africa,Sub-Saharan Africa
AI,Anguilla,Americas,Latin America and the Caribbean
AQ,Antarctica,,
AG,Antigua and Barbuda,Americas,Latin America and the Caribbean
AR,Argentina,Americas,Latin America and the Caribbean
AM,Armenia,Asia,Western Asia
AW,Aruba,Americas,Latin America and the Caribbean
AU,Australia,Oceania,Australia and New Zealand
AT,Austria,Europe,Western Europe
AZ,Azerbaijan,Asia,Western Asia
BS,Bahamas,Americas,Latin America and the Caribbean
BH,Bahrain,Asia,Western Asia
BD,Bangladesh,Asia,Southern Asia
BB,Barbados,Americas,Latin America and the Caribbean
BY,Belarus,Europe,Eastern Europe
BE,Belgium,Europe,Western Europe
BZ,Belize,Americas,Latin America and the Caribbean
BJ,Benin,Africa,Sub-Saharan Africa
BM,Bermuda,Americas,Northern America
BT,Bhutan,Asia,Southern Asia
BO,Bolivia (Plurinational State of),Americas,Latin America and the Caribbean
BQ,"Bonaire, Sint Eustatius and Saba",Americas,Latin America and the Caribbean
BA,Bosnia and Herzegovina,Europe,Southern Europe
BW,Botswana,Africa,Sub-Saharan Africa
BV,Bouvet Island,Americas,Latin America and the Caribbean
BR,Brazil,Americas,Latin America and the Caribbean
IO,British Indian Ocean Territory,Africa,Sub-Saharan Africa
BN,Brunei Darussalam,Asia,South-eastern Asia
BG,Bulgaria,Europe,Eastern Europe
BF,Burkina Faso,Africa,Sub-Saharan Africa
BI,Burundi,Africa,Sub-Saharan Africa
CV,Cabo Verde,Africa,Sub-Saharan Africa
KH,Cambodia,Asia,South-eastern Asia
CM,Cameroon,Africa,Sub-Saharan Africa
CA,Canada,Americas,Northern America
KY,Cayman Islands,Americas,Latin America and the Caribbean
CF,Central African Republic,Africa,Sub-Saharan Africa
TD,Chad,Africa,Sub-Saharan Africa
CL,Chile,Americas,Latin America and the Caribbean
CN,China,Asia,Eastern Asia
CX,Christmas Island,Oceania,Australia and New Zealand
CC,Cocos (Keeling) Islands,Oceania,Australia and New Zealand
CO,Colombia,Americas,Latin America and the Caribbean
KM,Comoros,Africa,Sub-Saharan Africa
CG,Congo,Africa,Sub-Saharan Africa
CD,"Congo, Democratic Republic of the",Africa,Sub-Saharan Africa
CK,Cook Islands,Oceania,Polynesia
CR,Costa Rica,Americas,Latin America and the Caribbean
CI,Côte d'Ivoire,Africa,Sub-Saharan Africa
HR,Croatia,Europe,Southern Europe
CU,Cuba,Americas,Latin America and the Caribbean
CW,Curaçao,Americas,Latin America and the Caribbean
CY,Cyprus,Asia,Western Asia
CZ,Czechia,Europe,Eastern Europe
DK,Denmark,Europe,Northern Europe
DJ,Djibouti,Africa,Sub-Saharan Africa
DM,Dominica,Americas,Latin America and the Caribbean
DO,Dominican Republic,Americas,Latin America and the Caribbean
EC,Ecuador,Americas,Latin America and the Caribbean
EG,Egypt,Africa,Northern Africa
SV,El Salvador,Americas,Latin America and the Caribbean
GQ,Equatorial Guinea,Africa,Sub-Saharan Africa
ER,Eritrea,Africa,Sub-Saharan Africa
EE,Estonia,Europe,Northern Europe
SZ,Eswatini,Africa,Sub-Saharan Africa
ET,Ethiopia,Africa,Sub-Saharan Africa
FK,Falkland Islands (Malvinas),Americas,Latin America and the Caribbean
FO,Faroe Islands,Europe,Northern Europe
FJ,Fiji,Oceania,Melanesia
FI,Finland,Europe,Northern Europe
FR,France,Europe,Western Europe
GF,French Guiana,Americas,Latin America and the Caribbean
PF,French Polynesia,Oceania,Polynesia
TF,French Southern Territories,Africa,Sub-Saharan Africa
GA,Gabon,Africa,Sub-Saharan Africa
GM,Gambia,Africa,Sub-Saharan Africa
GE,Georgia,Asia,Western Asia
DE,Germany,Europe,Western Europe
GH,Ghana,Africa,Sub-Saharan Africa
GI,Gibraltar,Europe,Southern Europe
GR,Greece,Europe,Southern Europe
GL,Greenland,Americas,Northern America
GD,Grenada,Americas,Latin America and the Caribbean
GP,Guadeloupe,Americas,Latin America and the Caribbean
GU,Guam,Oceania,Micronesia
GT,Guatemala,Americas,Latin America and the Caribbean
GG,Guernsey,Europe,Northern Europe
GN,Guinea,Africa,Sub-Saharan Africa
GW,Guinea-Bissau,Africa,Sub-Saharan Africa
GY,Guyana,Americas,Latin America and the Caribbean
HT,Haiti,Americas,Latin America and the Caribbean
HM,Heard Island and McDonald Islands,Oceania,Australia and New Zealand
VA,Holy See,Europe,Southern Europe
HN,Honduras,Americas,Latin America and the Caribbean
HK,Hong Kong,Asia,Eastern Asia
HU,Hungary,Europe,Eastern Europe
IS,Iceland,Europe,Northern Europe
IN,India,Asia,Southern Asia
ID,Indonesia,Asia,South-eastern Asia
IR,Iran (Islamic Republic of),Asia,Southern Asia
IQ,Iraq,Asia,Western Asia
IE,Ireland,Europe,Northern Europe
IM,Isle of Man,Europe,Northern Europe
IL,Israel,Asia,Western Asia
IT,Italy,Europe,Southern Europe
JM,Jamaica,Americas,Latin America and the Caribbean
JP,Japan,Asia,Eastern Asia
JE,Jersey,Europe,Northern Europe
JO,Jordan,Asia,Western Asia
KZ,Kazakhstan,Asia,Central Asia
KE,Kenya,Africa,Sub-Saharan Africa
KI,Kiribati,Oceania,Micronesia
KP,Korea (Democratic People's Republic of),Asia,Eastern Asia
KR,"Korea, Republic of",Asia,Eastern Asia
KW,Kuwait,Asia,Western Asia
KG,Kyrgyzstan,Asia,Central Asia
LA,Lao People's Democratic Republic,Asia,South-eastern Asia
LV,Latvia,Europe,Northern Europe
LB,Lebanon,Asia,Western Asia
LS,Lesotho,Africa,Sub-Saharan Africa
LR,Liberia,Africa,Sub-Saharan Africa
LY,Libya,Africa,Northern Africa
LI,Liechtenstein,Europe,Western Europe
LT,Lithuania,Europe,Northern Europe
LU,Luxembourg,Europe,Western Europe
MO,Macao,Asia,Eastern Asia
MG,Madagascar,Africa,Sub-Saharan Africa
MW,Malawi,Africa,Sub-Saharan Africa
MY,Malaysia,Asia,South-eastern Asia
MV,Maldives,Asia,Southern Asia
ML,Mali,Africa,Sub-Saharan Africa
MT,Malta,Europe,Southern Europe
MH,Marshall Islands,Oceania,Micronesia
MQ,Martinique,Americas,Latin America and the Caribbean
MR,Mauritania,Africa,Sub-Saharan Africa
MU,Mauritius,Africa,Sub-Saharan Africa
YT,Mayotte,Africa,Sub-Saharan Africa
MX,Mexico,Americas,Latin America and the Caribbean
FM,Micronesia (Federated States of),Oceania,Micronesia
MD,"Moldova, Republic of",Europe,Eastern Europe
MC,Monaco,Europe,Western Europe
MN,Mongolia,Asia,Eastern Asia
ME,Montenegro,Europe,Southern Europe
MS,Montserrat,Americas,Latin America and the Caribbean
MA,Morocco,Africa,Northern Africa
MZ,Mozambique,Africa,Sub-Saharan Africa
MM,Myanmar,Asia,South-eastern Asia
,Namibia,Africa,Sub-Saharan Africa
NR,Nauru,Oceania,Micronesia
NP,Nepal,Asia,Southern Asia
NL,Netherlands,Europe,Western Europe
NC,New Caledonia,Oceania,Melanesia
NZ,New Zealand,Oceania,Australia and New Zealand
NI,Nicaragua,Americas,Latin America and the Caribbean
NE,Niger,Africa,Sub-Saharan Africa
NG,Nigeria,Africa,Sub-Saharan Africa
NU,Niue,Oceania,Polynesia
NF,Norfolk Island,Oceania,Australia and New Zealand
MK,North Macedonia,Europe,Southern Europe
MP,Northern Mariana Islands,Oceania,Micronesia
NO,Norway,Europe,Northern Europe
OM,Oman,Asia,Western Asia
PK,Pakistan,Asia,Southern Asia
PW,Palau,Oceania,Micronesia
PS,"Palestine, State of",Asia,Western Asia
PA,Panama,Americas,Latin America and the Caribbean
PG,Papua New Guinea,Oceania,Melanesia
PY,Paraguay,Americas,Latin America and the Caribbean
PE,Peru,Americas,Latin America and the Caribbean
PH,Philippines,Asia,South-eastern Asia
PN,Pitcairn,Oceania,Polynesia
PL,Poland,Europe,Eastern Europe
PT,Portugal,Europe,Southern Europe
PR,Puerto Rico,Americas,Latin America and the Caribbean
QA,Qatar,Asia,Western Asia
RE,Réunion,Africa,Sub-Saharan Africa
RO,Romania,Europe,Eastern Europe
RU,Russian Federation,Europe,Eastern Europe
RW,Rwanda,Africa,Sub-Saharan Africa
BL,Saint Barthélemy,Americas,Latin America and the Caribbean
SH,"Saint Helena, Ascension and Tristan da Cunha",Africa,Sub-Saharan Africa
KN,Saint Kitts and Nevis,Americas,Latin America and the Caribbean
LC,Saint Lucia,Americas,Latin America and the Caribbean
MF,Saint Martin (French part),Americas,Latin America and the Caribbean
PM,Saint Pierre and Miquelon,Americas,Northern America
VC,Saint Vincent and the Grenadines,Americas,Latin America and the Caribbean
WS,Samoa,Oceania,Polynesia
SM,San Marino,Europe,Southern Europe
ST,Sao Tome and Principe,Africa,Sub-Saharan Africa
SA,Saudi Arabia,Asia,Western Asia
SN,Senegal,Africa,Sub-Saharan Africa
RS,Serbia,Europe,Southern Europe
SC,Seychelles,Africa,Sub-Saharan Africa
SL,Sierra Leone,Africa,Sub-Saharan Africa
SG,Singapore,Asia,South-eastern Asia
SX,Sint Maarten (Dutch part),Americas,Latin America and the Caribbean
SK,Slovakia,Europe,Eastern Europe
SI,Slovenia,Europe,Southern Europe
SB,Solomon Islands,Oceania,Melanesia
SO,Somalia,Africa,Sub-Saharan Africa
ZA,South Africa,Africa,Sub-Saharan Africa
GS,South Georgia and the South Sandwich Islands,Americas,Latin America and the Caribbean
SS,South Sudan,Africa,Sub-Saharan Africa
ES,Spain,Europe,Southern Europe
LK,Sri Lanka,Asia,Southern Asia
SD,Sudan,Africa,Northern Africa
SR,Suriname,Americas,Latin America and the Caribbean
SJ,Svalbard and Jan Mayen,Europe,Northern Europe
SE,Sweden,Europe,Northern Europe
CH,Switzerland,Europe,Western Europe
SY,Syrian Arab Republic,Asia,Western Asia
TW,"Taiwan, Province of China",Asia,Eastern Asia
TJ,Tajikistan,Asia,Central Asia
TZ,"Tanzania, United Republic of",Africa,Sub-Saharan Africa
TH,Thailand,Asia,South-eastern Asia
TL,Timor-Leste,Asia,South-eastern Asia
TG,Togo,Africa,Sub-Saharan Africa
TK,Tokelau,Oceania,Polynesia
TO,Tonga,Oceania,Polynesia
TT,Trinidad and Tobago,Americas,Latin America and the Caribbean
TN,Tunisia,Africa,Northern Africa
TR,Turkey,Asia,Western Asia
TM,Turkmenistan,Asia,Central Asia
TC,Turks and Caicos Islands,Americas,Latin America and the Caribbean
TV,Tuvalu,Oceania,Polynesia
UG,Uganda,Africa,Sub-Saharan Africa
UA,Ukraine,Europe,Eastern Europe
AE,United Arab Emirates,Asia,Western Asia
GB,United Kingdom of Great Britain and Northern Ireland,Europe,Northern Europe
US,United States of America,Americas,Northern America
UM,United States Minor Outlying Islands,Oceania,Micronesia
UY,Uruguay,Americas,Latin America and the Caribbean
UZ,Uzbekistan,Asia,Central Asia
VU,Vanuatu,Oceania,Melanesia
VE,Venezuela (Bolivarian Republic of),Americas,Latin America and the Caribbean
VN,Viet Nam,Asia,South-eastern Asia
VG,Virgin Islands (British),Americas,Latin America and the Caribbean
VI,Virgin Islands (U.S.),Americas,Latin America and the Caribbean
WF,Wallis and Futuna,Oceania,Polynesia
EH,Western Sahara,Africa,Northern Africa
YE,Yemen,Asia,Western Asia
ZM,Zambia,Africa,Sub-Saharan Africa
ZW,Zimbabwe,Africa,Sub-Saharan Africa
